Model Name,Publisher,Type,Primary Use Case,Downloads,Description
ai-generated-image-detection,Hive,Downloadable,image classification,13.73K,Robust image classification model for detecting and managing AI-generated content.
alphafold2,DeepMind,Downloadable,nim,275,Predicts the 3D structure of a protein from its amino acid sequence.
alphafold2-multimer,DeepMind,Downloadable,nim,136,Predicts the 3D structure of a protein from its amino acid sequence.
audio2face-3d,NVIDIA,Downloadable,Digital Humans,,Converts streamed audio to facial blendshapes for realtime lipsyncing and facial performances.
Background Noise Removal,NVIDIA,Downloadable,Nvidia Maxine,360,Removes unwanted noises from audio improving speech intelligibility.
baichuan2-13b-chat,Baichuan AI,Free Endpoint,Chinese Language Generation,587K,Support Chinese and English chat, coding, math, instruction following.
bevformer,NVIDIA,Free Endpoint,autonomous vehicles,98,Advanced transformer for multi-frame bird's-eye-view 3D perception in autonomous driving.
bge-m3,BAAI,Downloadable,Embeddings,1.77M,Embedding model for text retrieval tasks excelling in dense, multi-vector, and sparse retrieval.
bielik-11b-v2.6-instruct,Speakleash,Free Endpoint,Polish,583K,State-of-the-art model for Polish language processing tasks such as text generation, Q&A, and chatbots.
Boltz-2,MIT,Downloadable,nim,140K,Predict complex structures using Boltz-2.
breeze-7b-instruct,MediaTek,Free Endpoint,Chat,580K,LLM for improved language comprehension and chatbot-oriented capabilities in Traditional Chinese.
cached,University at Buffalo,Free Endpoint,nemo retriever,703,Context-aware chart extraction that can detect 18 classes for chart basic elements.
canary-1b-asr,NVIDIA,Downloadable,Automatic Speech Recognition,5.48K,Multi-lingual model supporting speech-to-text recognition and translation.
chatglm3-6b,THUDM,Free Endpoint,Text Translation,620K,"Supports Chinese and English languages to handle tasks including chatbot, content generation, coding, and translation."
colosseum_355b_instruct_16k,Igenius,Free Endpoint,Heavy industry,81.31K,Multilingual LLM designed for mission critical use cases in regulated industries.
corrdiff,NVIDIA,Downloadable,AI Weather prediction,803,Generative downscaling model for generating high resolution regional scale weather fields.
cosmos-nemotron-34b,NVIDIA,Free Endpoint,VLM,8,Multi-modal vision-language model that understands text/img/video.
cosmos-predict1-5b,NVIDIA,Free Endpoint,Synthetic Data Generation,29.45K,Generates future frames of a physics-aware world state based on an image or short video prompt.
cosmos-reason1-7b,NVIDIA,Downloadable,video understanding,13.01K,Reasoning vision language model (VLM) for physical AI and robotics.
cosmos-reason2-8b,NVIDIA,Downloadable,video understanding,225K,Vision language model that excels in understanding the physical world using structured reasoning.
cosmos-transfer1-7b,NVIDIA,Free Endpoint,Synthetic Data Generation,12.92K,Generates physics-aware video world states for physical AI development.
cosmos-transfer2.5-2b,NVIDIA,Free Endpoint,Synthetic Data Generation,,Generates physics-aware video world states for physical AI development.
cuopt,NVIDIA,Downloadable,Route Optimization,1.61K,World-record accuracy and performance for complex route optimization.
deepfake-image-detection,Hive,Downloadable,computer vision,3.54K,Advanced AI model detects faces and identifies deep fake images.
deepseek-r1-distill-llama-8b,DeepSeek AI,Downloadable,Distillation,5.02M,Distilled version of Llama 3.1 8B using reasoning data generated by DeepSeek R1.
deepseek-r1-distill-qwen-14b,DeepSeek AI,Downloadable,coding,4.66M,Distilled version of Qwen 2.5 14B using reasoning data generated by DeepSeek R1.
deepseek-r1-distill-qwen-32b,DeepSeek AI,Downloadable,coding,5.13M,Distilled version of Qwen 2.5 32B using reasoning data generated by DeepSeek R1.
deepseek-r1-distill-qwen-7b,DeepSeek AI,Downloadable,coding,4.96M,Distilled version of Qwen 2.5 7B using reasoning data generated by DeepSeek R1.
deepseek-v3.1,DeepSeek AI,Free Endpoint,Reasoning,12.65M,DeepSeek V3.1 Instruct is a hybrid AI model with fast reasoning, 128K context, and strong tool use.
deepseek-v3.1-terminus,DeepSeek AI,Free Endpoint,tool calling,12.62M,"DeepSeek-V3.1: hybrid inference LLM with Think/Non-Think modes, stronger agents, 128K context."
deepseek-v3.2,DeepSeek AI,Free Endpoint,long context,15.45M,"State-of-the-art 685B reasoning LLM with sparse attention, long context, and integrated agentic tools."
devstral-2-123b-instruct-2512,Mistral AI,Free Endpoint,coding,6.06M,"State-of-the-art open code model with deep reasoning, 256k context."
diffdock,MIT,Downloadable,Chemistry,11.58K,Predicts the 3D structure of how a molecule interacts with a protein.
dracarys-llama-3.1-70b-instruct,Abacus.AI,Free Endpoint,Code Generation,630K,"Fine-tuned Llama 3.1 70B model for code generation, summarization, and multi-language tasks."
esm2-650m,Meta,Free Endpoint,nim,182K,Generates embeddings of proteins from their amino acid sequences.
esmfold,Meta,Free Endpoint,biology,384K,Predicts the 3D structure of a protein from its amino acid sequence.
eurollm-9b-instruct,Utter-project,Downloadable,Sovereign AI,532K,State-of-the-art multilingual model tailored to all 24 official European Union languages.
evo2-40b,Arc,Downloadable,DNA Generation,109K,Biological foundation model that integrates information over long genomic sequences.
eyecontact,NVIDIA,Downloadable,telepresence,1.23K,Estimate gaze angles of a person in a video and redirect to make it frontal.
falcon3-7b-instruct,Tiiuae,Free Endpoint,Coding,1.83M,"Instruction tuned LLM achieving SoTA performance on reasoning, math and general knowledge."
FLUX.1-dev,Black-forest-labs,Downloadable,Text-to-Image,98.83K,FLUX.1 is a state-of-the-art suite of image generation models.
FLUX.1-Kontext-dev,Black-forest-labs,Downloadable,Text-to-Image,3.69K,Multimodal model that enables in-context image generation and editing.
FLUX.1-schnell,Black-forest-labs,Downloadable,Text-to-Image,51.21K,Distilled image generation model producing high quality images at fast speeds.
flux.2-klein-4b,Black-forest-labs,Downloadable,Text-to-Image,3.78K,FLUX.2-klein-4B is a distilled image generation and editing model producing outputs at lighting speed.
fourcastnet,NVIDIA,Downloadable,Weather Simulation,976,FourCastNet predicts global atmospheric dynamics of various weather / climate variables.
gemma-2-27b-it,Google,Free Endpoint,Chat,760K,"Cutting-edge text generation model for text understanding, transformation, and code generation."
gemma-2-2b-it,Google,Free Endpoint,Chat,562K,Advanced small language generative AI model for edge applications.
gemma-2-9b-cpt-sahabatai-instruct,Gotocompany,Downloadable,Sovereign AI,533K,SOTA LLM pre-trained for instruction following and proficiency in Indonesian language.
gemma-2-9b-it,Google,Downloadable,chat,4.69M,"Cutting-edge text generation model for text understanding, transformation, and code generation."
gemma-3-1b-it,Google,Downloadable,Translation,547K,"A lightweight, multilingual, advanced SLM text model for edge computing."
gemma-3-27b-it,Google,Free Endpoint,Vision Assistant,5.29M,Cutting-edge open multimodal model exceling in high-quality reasoning from images.
gemma-3n-e2b-it,Google,Free Endpoint,language generation,697K,An edge computing AI model which accepts text, audio and image input.
gemma-3n-e4b-it,Google,Free Endpoint,language generation,735K,An edge computing AI model which accepts text, audio and image input.
gemma-7b,Google,Free Endpoint,Chat,570K,"Cutting-edge text generation model for text understanding, transformation, and code generation."
genmol,NVIDIA,Downloadable,Chemistry,2.21K,Fragment-Based Molecular Generation by Discrete Diffusion.
gliner-pii,NVIDIA,Free Endpoint,PII Detection,148K,GLiNER PII detects Personally Identifiable Information in text.
glm-4.7,Z.ai,Free Endpoint,Tool Calling,15.7M,"Multilingual agentic coding partner with stronger reasoning, tool use, and UI skills."
glm-5,Z.ai,Downloadable,MoE,10.65M,GLM-5 744B MoE enables efficient reasoning for complex systems and long-horizon agentic tasks.
gpt-oss-120b,OpenAI,Downloadable,reasoning,37.62M,Mixture of Experts (MoE) reasoning LLM (text-only) designed to fit within 80GB GPU.
gpt-oss-20b,OpenAI,Downloadable,reasoning,8.36M,Smaller Mixture of Experts (MoE) text-only LLM for efficient AI reasoning and math.
granite-3.3-8b-instruct,IBM,Free Endpoint,coding,179K,"Small language model fine-tuned for improved reasoning, coding, and instruction-following."
granite-guardian-3.0-8b,IBM,Free Endpoint,Guardrail,495K,"Detects jailbreaking, bias, violence, profanity, sexual content, and unethical behavior."
italia_10b_instruct_16k,Igenius,Free Endpoint,Heavy industry,533K,Multilingual LLM with emphasis on European languages supporting regulated use cases.
jamba-1.5-mini-instruct,AI21 Labs,Free Endpoint,Chat,572K,Cutting-edge MOE based LLM designed to excel in a wide array of generative AI tasks.
kimi-k2-instruct,Moonshotai,Free Endpoint,coding,16.67M,"State-of-the-art open mixture-of-experts model with strong reasoning, coding, and agentic capabilities."
kimi-k2-instruct-0905,Moonshotai,Free Endpoint,long-context,8.94M,Follow-on version of Kimi-K2-Instruct with longer context window and enhanced reasoning.
kimi-k2-thinking,Moonshotai,Free Endpoint,Conversational,2.92M,"Open reasoning model with 256K context window, native INT4 quantization and enhanced tool use."
kimi-k2.5,Moonshotai,Downloadable,Multimodal,20.31M,1T multimodal MoE for high-capacity video and image understanding with efficient inference.
llama-3-swallow-70b-instruct-v0.1,TokyoTech-LLM,Downloadable,Large Language Model,539K,Sovereign AI model trained on Japanese language that understands regional nuances.
llama-3-taiwan-70b-instruct,Yen-Ting Lin,Downloadable,regional language generation,541K,Sovereign AI model finetuned on Traditional Mandarin and English data.
llama-3.1-405b-instruct,Meta,Downloadable,synthetic data generation,3.12M,"Advanced LLM for synthetic data generation, distillation, and inference."
llama-3.1-70b-instruct,Meta,Downloadable,Chat,7.97M,"Powers complex conversations with superior contextual understanding, reasoning and text generation."
llama-3.1-8b-instruct,Meta,Downloadable,Chat,5.5M,"Advanced state-of-the-art model with language understanding, superior reasoning, and text generation."
llama-3.1-nemoguard-8b-content-safety,NVIDIA,Downloadable,nemo guardrails,565K,Leading content safety model for enhancing the safety and moderation capabilities of LLMs.
llama-3.1-nemoguard-8b-topic-control,NVIDIA,Downloadable,nemo guardrails,517K,Topic control model to keep conversations focused on approved topics.
llama-3.1-nemotron-70b-reward,NVIDIA,Free Endpoint,Text-to-text,440K,Leaderboard topping reward model supporting RLHF for better alignment with human preferences.
llama-3.1-nemotron-nano-4b-v1.1,NVIDIA,Downloadable,edge,139K,"State-of-the-art open model for reasoning, code, math, and tool calling - suitable for edge agents."
llama-3.1-nemotron-nano-8b-v1,NVIDIA,Downloadable,math,620K,Leading reasoning and agentic AI accuracy model for PC and edge.
llama-3.1-nemotron-nano-vl-8b-v1,NVIDIA,Downloadable,doc intelligence,9.39M,Multi-modal vision-language model that understands text/img.
llama-3.1-nemotron-safety-guard-8b-v3,NVIDIA,Free Endpoint,content moderation,605K,Leading multilingual content safety model for enhancing safety and moderation capabilities.
llama-3.1-nemotron-ultra-253b-v1,NVIDIA,Downloadable,math,8.18M,Superior inference efficiency with highest accuracy for scientific and complex math reasoning.
llama-3.1-swallow-70b-instruct-v0.1,Institute of Science Tokyo,Downloadable,Sovereign AI,529K,Sovereign AI model trained on Japanese language that understands regional nuances.
llama-3.1-swallow-8b-instruct-v0.1,Institute of Science Tokyo,Downloadable,Sovereign AI,537K,Sovereign AI model trained on Japanese language that understands regional nuances.
llama-3.2-11b-vision-instruct,Meta,Downloadable,Image-Text Retrieval,866K,Cutting-edge vision-language model exceling in high-quality reasoning from images.
llama-3.2-1b-instruct,Meta,Downloadable,chat,326K,Advanced state-of-the-art small language model with language understanding and superior reasoning.
llama-3.2-3b-instruct,Meta,Downloadable,Chat,769K,Advanced state-of-the-art small language model with language understanding and superior reasoning.
llama-3.2-90b-vision-instruct,Meta,Downloadable,Image-Text Retrieval,608K,Cutting-edge vision-Language model exceling in high-quality reasoning from images.
llama-3.2-nemoretriever-1b-vlm-embed-v1,NVIDIA,Downloadable,nemo retriever,259K,Multimodal question-answer retrieval representing user queries as text and documents as images.
llama-3.2-nemoretriever-500m-rerank-v2,NVIDIA,Downloadable,nemo retriever,1.42K,GPU-accelerated model optimized for providing a probability score for question-answering.
llama-3.2-nv-embedqa-1b-v2,NVIDIA,Downloadable,nemo retriever,6.15M,Multilingual and cross-lingual text question-answering retrieval with long context support.
llama-3.2-nv-rerankqa-1b-v2,NVIDIA,Downloadable,nemo retriever,148K,"Fine-tuned reranking model for multilingual, cross-lingual text question-answering retrieval."
llama-3.3-70b-instruct,Meta,Downloadable,Instruction following,19.27M,"Advanced LLM for reasoning, math, general knowledge, and function calling."
llama-3.3-nemotron-super-49b-v1,NVIDIA,Downloadable,math,1.14M,"High efficiency model with leading accuracy for reasoning, tool calling, chat, and instruction following."
llama-3.3-nemotron-super-49b-v1.5,NVIDIA,Downloadable,math,5.13M,"High efficiency model with leading accuracy for reasoning, tool calling, chat, and instruction following."
llama-3_2-nemoretriever-300m-embed-v1,NVIDIA,Free Endpoint,Text-to-Embedding,89.14K,"Multilingual, cross-lingual embedding model for long-document QA retrieval, supporting 26 languages."
llama-3_2-nemoretriever-300m-embed-v2,NVIDIA,Downloadable,Text-to-Embedding,89.45K,"Multilingual, cross-lingual embedding model for long-document QA retrieval, supporting 26 languages."
llama-4-maverick-17b-128e-instruct,Meta,Free Endpoint,language generation,3.34M,"A general purpose multimodal, multilingual 128 MoE model with 17B parameters."
llama-4-scout-17b-16e-instruct,Meta,Both,language generation,79.24K,"A multimodal, multilingual 16 MoE model with 17B parameters."
llama-guard-4-12b,Meta,Free Endpoint,LLM Multimodal Safety,498K,Multi-modal model to classify safety for input prompts as well output responses.
llama-nemotron-embed-1b-v2,NVIDIA,Downloadable,Text-to-Embedding,481K,"Multilingual, cross-lingual embedding model for long-document QA retrieval, supporting 26 languages."
llama-nemotron-embed-vl-1b-v2,NVIDIA,Downloadable,nemo retriever,1.21M,Multimodal question-answer retrieval representing user queries as text and documents as images.
llama-nemotron-rerank-1b-v2,NVIDIA,Downloadable,nemo retriever,4.92K,GPU-accelerated model optimized for providing a probability score for question-answering.
llama3-70b-instruct,Meta,Downloadable,Large Language models,861K,"Powers complex conversations with superior contextual understanding, reasoning and text generation."
llama3-8b-instruct,Meta,Downloadable,Chat,1.12M,"Advanced state-of-the-art LLM with language understanding, superior reasoning, and text generation."
llama3-chatqa-1.5-8b,NVIDIA,Free Endpoint,text-to-text,562K,Advanced LLM to generate high-quality context-aware responses for chatbots and search engines.
magistral-small-2506,Mistral AI,Free Endpoint,coding,4.37M,High performance reasoning model optimized for efficiency and edge deployment.
magpie-tts-flow,NVIDIA,Free Endpoint,TTS,653,Expressive and engaging text-to-speech generated from a short audio sample.
magpie-tts-multilingual,NVIDIA,Downloadable,TTS,29.81K,Natural and expressive voices in multiple languages. For voice agents and brand ambassadors.
magpie-tts-zeroshot,NVIDIA,Free Endpoint,TTS,1.19K,Expressive and engaging text-to-speech generated from a short audio sample.
maisi,NVIDIA,Downloadable,Image Generation,706,MAISI is a pre-trained volumetric (3D) CT Latent Diffusion Generative Model.
mamba-codestral-7b-v0.1,Mistral AI,Free Endpoint,code completion,555K,Model for writing and interacting with code across a wide range of programming languages.
marin-8b-instruct,Marin,Free Endpoint,Reasoning,541K,"State-of-the-art open model trained on open datasets, excelling in reasoning, math, and science."
megatron-1b-nmt,NVIDIA,Downloadable,Neural machine translation,,Enable smooth global interactions in 36 languages.
minimax-m2.1,Minimaxai,Free Endpoint,Agentic,7.54M,"MiniMax M2.1 excels in multi-language coding, app/web dev, office AI, and agent integration."
minimax-m2.5,Minimaxai,Downloadable,reasoning,5.38M,MiniMax M2.5 is a 230B-parameter text-to-text AI model excelling in coding, reasoning, and office tasks.
ministral-14b-instruct-2512,Mistral AI,Downloadable,language generation,4.73M,A general purpose VLM ideal for chat and instruction based use cases.
mistral-7b-instruct-v0.2,Mistral AI,Free Endpoint,Text-to-Text,560K,"This LLM follows instructions, completes requests, and generates creative text."
mistral-7b-instruct-v0.3,Mistral AI,Downloadable,Chat,867K,"This LLM follows instructions, completes requests, and generates creative text."
mistral-large-3-675b-instruct-2512,Mistral AI,Free Endpoint,language generation,6.55M,"A state-of-the-art general purpose MoE VLM ideal for chat, agentic and instruction based use cases."
mistral-medium-3-instruct,Mistral AI,Free Endpoint,language generation,5.33M,"Powerful, multimodal language model designed for enterprise applications."
mistral-nemo-minitron-8b-base,NVIDIA,Free Endpoint,language generation,3.86K,State-of-the-art small language model delivering superior accuracy for chatbot.
mistral-nemotron,Mistral AI,Free Endpoint,language generation,801K,"Built for agentic workflows, this model excels in coding, instruction following, and function calling."
mistral-small-24b-instruct,Mistral AI,Downloadable,code,614K,"Latency-optimized language model excelling in code, math, general knowledge."
mistral-small-3.1-24b-instruct-2503,Mistral AI,Free Endpoint,language generation,2.17M,"Efficient multimodal model excelling at multilingual tasks, image understanding."
mistral-small-4-119b-2603,Mistral AI,Downloadable,code generation,938,"Hybrid MoE model unifying instruct, reasoning, and coding with multimodal input and 256k context."
mixtral-8x22b-instruct-v0.1,Mistral AI,Downloadable,Advanced Reasoning,4.98M,"An MOE LLM that follows instructions, completes requests, and generates creative text."
mixtral-8x7b-instruct-v0.1,Mistral AI,Downloadable,Advanced Reasoning,718K,"An MOE LLM that follows instructions, completes requests, and generates creative text."
molmim,NVIDIA,Downloadable,Chemistry,13.55K,MolMIM performs controlled generation finding molecules with the right properties.
msa-search,Colabfold,Downloadable,nim,888,Generates a multiple sequence alignment from a query sequence and a protein sequence database search.
nemoguard-jailbreak-detect,NVIDIA,Downloadable,nemo guardrails,28.43K,Industry leading jailbreak classification model for protection from adversarial attempts.
nemoretriever-graphic-elements-v1,NVIDIA,Downloadable,Object Detection,14.2K,"Model for object detection, fine-tuned to detect charts, tables, and titles in documents."
nemoretriever-ocr,NVIDIA,Downloadable,Table Extraction,97.51K,"Powerful OCR model for fast, accurate real-world image text extraction, layout, and structure analysis."
nemoretriever-ocr-v1,NVIDIA,Downloadable,Table Extraction,273K,"Powerful OCR model for fast, accurate real-world image text extraction, layout, and structure analysis."
nemoretriever-page-elements-v2,NVIDIA,Downloadable,Object Detection,84.83K,"Model for object detection, fine-tuned to detect charts, tables, and titles in documents."
nemoretriever-page-elements-v3,NVIDIA,Downloadable,Object Detection,455K,"Model for object detection, fine-tuned to detect charts, tables, and titles in documents."
nemoretriever-parse,NVIDIA,Downloadable,optical character recognition,309K,Cutting-edge vision-language model exceling in retrieving text and metadata from images.
nemoretriever-table-structure-v1,NVIDIA,Downloadable,Object Detection,65.27K,"Model for object detection, fine-tuned to detect charts, tables, and titles in documents."
nemotron-3-nano-30b-a3b,NVIDIA,Downloadable,MoE,11.98M,"Open, efficient MoE model with 1M context, excelling in coding, reasoning, instruction following."
nemotron-3-super-120b-a12b,NVIDIA,Downloadable,MoE,3.11M,Open efficient hybrid Mamba-Transformer MoE with 1M context.
nemotron-4-mini-hindi-4b-instruct,NVIDIA,Free Endpoint,Indic,562K,A bilingual Hindi-English SLM for on-device inference tailored specifically for Hindi Language.
nemotron-asr-streaming,NVIDIA,Downloadable,Automatic Speech Recognition,331,Real-time speech recognition for English.
nemotron-content-safety-reasoning-4b,NVIDIA,Free Endpoint,NeMo Guardrails,566K,A context-aware safety model that applies reasoning to enforce domain-specific policies.
nemotron-graphic-elements-v1,NVIDIA,Downloadable,Object Detection,6.11K,"Model for object detection, fine-tuned to detect charts, tables, and titles in documents."
nemotron-mini-4b-instruct,NVIDIA,Free Endpoint,Chat,573K,"Optimized SLM for on-device inference and fine-tuned for roleplay, RAG and function calling."
nemotron-nano-12b-v2-vl,NVIDIA,Downloadable,language generation,1.05M,"Enables multi-image and video understanding, along with visual Q&A and summarization capabilities."
nemotron-ocr-v1,NVIDIA,Downloadable,Table Extraction,1.24K,"Powerful OCR model for fast, accurate real-world image text extraction, layout, and structure analysis."
nemotron-page-elements-v3,NVIDIA,Downloadable,Object Detection,8.86K,"Model for object detection, fine-tuned to detect charts, tables, and titles in documents."
nemotron-parse,NVIDIA,Downloadable,text and table extraction,429K,Cutting-edge vision-language model exceling in retrieving text and metadata from images.
nemotron-table-structure-v1,NVIDIA,Downloadable,Object Detection,6.35K,"Model for object detection, fine-tuned to detect charts, tables, and titles in documents."
nemotron-voicechat,NVIDIA,Free Endpoint,English,38,Nemotron 3 Voicechat.
nv-dinov2,NVIDIA,Free Endpoint,computer vision,1.11M,NV-DINOv2 is a visual foundation model that generates vector embeddings for the input image.
nv-embed-v1,NVIDIA,Free Endpoint,Non-Commercial Use Only,1.69M,Generates high-quality numerical embeddings from text inputs.
nv-embedcode-7b-v1,NVIDIA,Free Endpoint,nemo retriever,283K,The NV-EmbedCode model is a 7B Mistral-based embedding model optimized for code retrieval.
nv-embedqa-e5-v5,NVIDIA,Downloadable,Embedding,3.33M,English text embedding model for question-answering retrieval.
nv-grounding-dino,NVIDIA,Free Endpoint,Object Detection,4.05K,Grounding dino is an open vocabulary zero-shot object detection model.
nv-yolox-page-elements-v1,NVIDIA,Downloadable,Object Detection,15.45K,"Model for object detection, fine-tuned to detect charts, tables, and titles in documents."
nvclip,NVIDIA,Downloadable,Computer vision,12.68K,NV-CLIP is a multimodal embeddings model for image and text.
nvidia-nemotron-nano-9b-v2,NVIDIA,Downloadable,thinking budget,792K,"High-efficiency LLM with hybrid Transformer-Mamba design, excelling in reasoning and agentic tasks."
ocdrnet,NVIDIA,Free Endpoint,Optical Character Recognition,750,OCDNet and OCRNet are pre-trained models for optical character detection and recognition.
openfold2,Openfold,Downloadable,nim,571,Predicts the 3D structure of a protein from its amino acid sequence.
openfold3,Openfold,Downloadable,Biology,1.29K,Third-generation biomolecular foundation model that predicts 3D structures of molecular complexes.
paddleocr,Baidu,Downloadable,Optical Character Recognition,85.68K,Model for table extraction that runs OCR on images and returns text with bounding boxes.
paligemma,Google,Free Endpoint,image,338K,Vision language model adept at comprehending text and visual inputs to produce informative responses.
parakeet-1.1b-rnnt-multilingual-asr,NVIDIA,Downloadable,Automatic Speech Recognition,31.2K,High accuracy and optimized performance for transcription in 25 languages.
parakeet-ctc-0.6b-asr,NVIDIA,Downloadable,ASR,8.58K,State-of-the-art accuracy and speed for English transcriptions.
parakeet-ctc-0.6b-es,NVIDIA,Downloadable,ASR,10,Accurate and optimized Spanish English transcriptions with punctuation and word timestamps.
parakeet-ctc-0.6b-vi,NVIDIA,Downloadable,ASR,742,Accurate and optimized Vietnamese-English transcriptions with punctuation and word timestamps.
parakeet-ctc-0.6b-zh-cn,NVIDIA,Downloadable,ASR,8.09K,Record-setting accuracy and performance for Mandarin English transcriptions.
parakeet-ctc-0.6b-zh-tw,NVIDIA,Downloadable,ASR,364,Record-setting accuracy and performance for Mandarin Taiwanese English transcriptions.
parakeet-ctc-1.1b-asr,NVIDIA,Downloadable,ASR,49.84K,Record-setting accuracy and performance for English transcription.
parakeet-tdt-0.6b-v2,NVIDIA,Downloadable,ASR,2.57K,Accurate and optimized English transcriptions with punctuation and word timestamps.
phi-3-medium-128k-instruct,Microsoft,Free Endpoint,Chat,550K,Cutting-edge lightweight open language model exceling in high-quality reasoning.
phi-3-medium-4k-instruct,Microsoft,Free Endpoint,Chat,548K,Cutting-edge lightweight open language model exceling in high-quality reasoning.
phi-3-mini-128k-instruct,Microsoft,Free Endpoint,Chat,555K,Lightweight state-of-the-art open LLM with strong math and logical reasoning skills.
phi-3-mini-4k-instruct,Microsoft,Downloadable,Chat,558K,Lightweight state-of-the-art open LLM with strong math and logical reasoning skills.
phi-3-small-128k-instruct,Microsoft,Free Endpoint,Chat,618K,Long context cutting-edge lightweight open language model exceling in high-quality reasoning.
phi-3-small-8k-instruct,Microsoft,Free Endpoint,Chat,541K,Cutting-edge lightweight open language model exceling in high-quality reasoning.
phi-3.5-mini-instruct,Microsoft,Free Endpoint,Chat,8.04M,Lightweight multilingual LLM powering AI applications in latency bound memory/compute constrained environments.
phi-3.5-vision-instruct,Microsoft,Free Endpoint,Vision Assistant,586K,Cutting-edge open multimodal model exceling in high-quality reasoning from images.
phi-4-mini-flash-reasoning,Microsoft,Free Endpoint,edge,528K,Lightweight reasoning model for applications in latency bound memory/compute constrained environments.
phi-4-mini-instruct,Microsoft,Downloadable,Chat,2.82M,Lightweight multilingual LLM powering AI applications in latency bound memory/compute constrained environments.
phi-4-multimodal-instruct,Microsoft,Free Endpoint,Speech Recognition,514K,Cutting-edge open multimodal model exceling in high-quality reasoning from image and audio inputs.
proteinmpnn,IPD,Downloadable,biology,8.83K,ProteinMPNN is a deep learning model for predicting amino acid sequences for protein backbones.
qwen2-7b-instruct,Qwen,Free Endpoint,Chinese Language Generation,732K,"Chinese and English LLM targeting language, coding, mathematics, reasoning, etc."
qwen2.5-7b-instruct,Qwen,Downloadable,Chinese Language Generation,2.31M,"Chinese and English LLM targeting language, coding, mathematics, reasoning, etc."
qwen2.5-coder-32b-instruct,Qwen,Downloadable,code completion,6.09M,"Advanced LLM for code generation, reasoning, and fixing across popular programming languages."
qwen2.5-coder-7b-instruct,Qwen,Free Endpoint,code completion,581K,"Powerful mid-size code model with a 32K context length, excelling in coding in multiple languages."
qwen3-coder-480b-a35b-instruct,Qwen,Free Endpoint,agentic coding,3.62M,Excels in agentic coding and browser use and supports 256K context.
qwen3-next-80b-a3b-instruct,Qwen,Downloadable,text-generation,12.65M,"Qwen3-Next Instruct blends hybrid attention, sparse MoE, and stability boosts for ultra-long context AI."
qwen3-next-80b-a3b-thinking,Qwen,Downloadable,Reasoning,4.43M,"80B parameter AI model with hybrid reasoning, MoE architecture, support for 119 languages."
qwen3.5-122b-a10b,Qwen,Free Endpoint,tool calling,1.73M,122B MoE LLM (10B active) for coding, reasoning, multimodal chat. Agent-ready.
qwen3.5-397b-a17b,Qwen,Downloadable,MoE,9.18M,"Next-gen Qwen 3.5 VLM (400B MoE) brings advanced vision, chat, RAG, and agentic capabilities."
qwq-32b,Qwen,Free Endpoint,coding,4.36M,Powerful reasoning model capable of thinking and reasoning.
rakutenai-7b-chat,Rakuten,Free Endpoint,Chat,536K,"Advanced state-of-the-art LLM with language understanding, superior reasoning, and text generation."
rakutenai-7b-instruct,Rakuten,Free Endpoint,Chat,540K,"Advanced state-of-the-art LLM with language understanding, superior reasoning, and text generation."
rerank-qa-mistral-4b,NVIDIA,Free Endpoint,Ranking,172K,GPU-accelerated model optimized for providing a probability score for question-answering.
retail-object-detection,NVIDIA,Free Endpoint,Object Detection,352,EfficientDet-based object detection network to detect 100 specific retail objects from an input video.
rfdiffusion,IPD,Downloadable,biology,9.41K,A generative model of protein backbones for protein binder design.
riva-translate-1.6b,NVIDIA,Downloadable,Neural machine translation,26.21K,Enable smooth global interactions in 36 languages.
riva-translate-4b-instruct-v1_1,NVIDIA,Free Endpoint,nvidia nim,568K,Translation model in 12 languages with few-shots example prompts capability.
sarvam-m,Sarvamai,Downloadable,coding,548K,"Multilingual, hybrid-reasoning model optimized for Indian language tasks."
sea-lion-7b-instruct,AI Singapore,Free Endpoint,Chat,,LLM to represent and serve the linguistic and cultural diversity of Southeast Asia.
seed-oss-36b-instruct,ByteDance,Free Endpoint,thinking budget,3.81M,"ByteDance open-source LLM with long-context, reasoning, and agentic intelligence."
shieldgemma-9b,Google,Free Endpoint,Guardrail,589K,Guardrail model to ensure that responses from LLMs are appropriate and safe.
solar-10.7b-instruct,Upstage,Free Endpoint,Non-Commercial Use Only,552K,"Excels in NLP tasks, particularly in instruction-following, reasoning, and mathematics."
sparsedrive,NVIDIA,Free Endpoint,autonomous vehicles,95,"End-to-end autonomous driving stack integrating perception, prediction, and planning."
stable-diffusion-3-medium,Stability AI,Free Endpoint,Text-to-Image,33.17K,Advanced text-to-image model for generating high quality images.
stable-diffusion-3.5-large,Stability AI,Downloadable,Text-to-Image,,Stable Diffusion 3.5 is a popular text-to-image generation model.
starcoder2-7b,BigCode,Downloadable,code completion,12.07K,"Advanced programming model for code completion, summarization, and generation."
step-3.5-flash,Stepfun-ai,Free Endpoint,Agentic,7.89M,200B open-source reasoning engine with sparse MoE powering frontier agentic AI.
stockmark-2-100b-instruct,Stockmark,Downloadable,sovereign ai,4.56M,Japanese-specialized large-language-model for enterprises to read and understand complex business documents.
streampetr,NVIDIA,Free Endpoint,autonomous vehicles,300K,StreamPETR offers efficient 3D object detection for autonomous driving.
studiovoice,NVIDIA,Downloadable,Nvidia Maxine,599,Enhance speech by correcting common audio degradations.
teuken-7b-instruct-commercial-v0.4,Opengpt-x,Downloadable,sovereign ai,533K,"Multilingual 7B LLM, instruction-tuned on all 24 EU languages for stable, culturally aligned output."
TRELLIS,Microsoft,Downloadable,text-to-3d,4.75K,MSFT TRELLIS is a 3D AI model that generates high-quality 3D assets from text or image inputs.
usdcode,NVIDIA,Free Endpoint,Digital Twin,333K,State-of-the-art LLM that answers OpenUSD knowledge queries and generates USD-Python code.
